workload,variant,structure,n,time_ms,steps,moves,comparisons
BONUS_B,insert,MinHeap,100,0.001859,345,350,194
BONUS_B,buildHeap,MinHeap,100,0.003263,335,216,184
BONUS_B,insert,MinHeap,1000,0.022245,3503,3509,2232
BONUS_B,buildHeap,MinHeap,1000,0.032562,3358,2241,1857
BONUS_B,insert,MinHeap,10000,0.248538,32824,32833,22593
BONUS_B,buildHeap,MinHeap,10000,0.132364,33741,22438,18740
BONUS_B,insert,MinHeap,100000,1.587699,391493,391505,227662
BONUS_B,buildHeap,MinHeap,100000,0.778415,338425,224241,188424
BONUS_B_DESC,insert,MinHeap,100,0.000993,631,730,480
BONUS_B_DESC,buildHeap,MinHeap,100,0.000404,341,246,190
BONUS_B_DESC,insert,MinHeap,1000,0.014944,9258,10257,7987
BONUS_B_DESC,buildHeap,MinHeap,1000,0.003261,3483,2492,1982
BONUS_B_DESC,insert,MinHeap,10000,0.129008,123862,133861,113631
BONUS_B_DESC,buildHeap,MinHeap,10000,0.026300,34983,24992,19982
BONUS_B_DESC,insert,MinHeap,100000,1.695094,1632777,1732776,1468946
BONUS_B_DESC,buildHeap,MinHeap,100000,0.275536,349979,249990,199978
